Player,Nation,Age,Min,SoTA,GA,Shot Stopping Saves,Shot Stopping Save%,Shot Stopping PSxG,Launched Cmp,Launched Att,Launched Cmp%,Passes Att,Passes Thr,Passes Launch%,Passes AvgLen,Goal Kicks Att,Goal Kicks Launch%,Goal Kicks AvgLen,Crosses Opp,Crosses Stp,Crosses Stp%,Sweeper #OPA,Sweeper AvgDist,home,date,squad_h,squad_a
David Raya,es ESP,25-332,90,4,0,4,100.0,0.4,10,37,27.0,35,5,60.0,45.6,16,100.0,68.8,10,0,0.0,0,12.1,1,2021-08-13,Brentford,Arsenal
Bernd Leno,de GER,29-162,90,3,2,1,33.3,0.9,3,9,33.3,26,3,19.2,28.8,8,50.0,36.5,6,0,0.0,0,5.5,0,2021-08-13,Brentford,Arsenal
David de Gea,es ESP,30-280,90,3,1,2,66.7,0.6,9,13,69.2,23,3,17.4,23.4,12,75.0,45.4,10,0,0.0,0,12.0,1,2021-08-14,Manchester Utd,Leeds United
Illan Meslier,fr FRA,21-165,90,8,5,3,37.5,1.9,8,23,34.8,38,10,42.1,33.9,10,70.0,44.2,4,0,0.0,1,18.7,0,2021-08-14,Manchester Utd,Leeds United
Kasper Schmeichel,dk DEN,34-282,90,3,0,3,100.0,0.3,6,12,50.0,31,7,29.0,32.9,8,37.5,32.6,8,2,25.0,1,16.0,1,2021-08-14,Leicester City,Wolves
José Sá,pt POR,28-209,90,5,1,4,80.0,1.5,2,6,33.3,17,5,29.4,34.9,3,33.3,34.7,3,0,0.0,1,12.0,0,2021-08-14,Leicester City,Wolves
Nick Pope,eng ENG,29-117,90,6,2,4,66.7,1.3,4,8,50.0,17,7,35.3,38.4,4,50.0,45.0,8,0,0.0,0,15.5,1,2021-08-14,Burnley,Brighton
Robert Sánchez,es ESP,23-269,90,3,1,2,66.7,0.8,4,27,14.8,49,8,42.9,40.0,8,75.0,56.6,22,4,18.2,0,9.0,0,2021-08-14,Burnley,Brighton
Edouard Mendy,sn SEN,29-166,90,1,0,1,100.0,0.1,1,3,33.3,16,2,18.8,24.6,4,0.0,13.0,3,0,0.0,0,21.0,1,2021-08-14,Chelsea,Crystal Palace
Vicente Guaita,es ESP,34-216,90,6,3,3,50.0,1.8,4,11,36.4,33,5,27.3,29.7,8,25.0,19.8,10,2,20.0,0,9.0,0,2021-08-14,Chelsea,Crystal Palace
Daniel Bachmann,at AUT,27-036,90,1,2,0,0.0,1.8,7,18,38.9,24,5,50.0,41.6,8,75.0,55.3,13,1,7.7,0,11.2,1,2021-08-14,Watford,Aston Villa
Emiliano Martínez,ar ARG,28-346,90,7,3,4,57.1,1.1,6,9,66.7,26,9,23.1,28.8,7,42.9,42.9,4,0,0.0,1,15.7,0,2021-08-14,Watford,Aston Villa
Jordan Pickford,eng ENG,27-160,90,3,1,2,66.7,1.0,10,26,38.5,31,5,74.2,50.6,4,75.0,59.0,10,0,0.0,1,12.6,1,2021-08-14,Everton,Southampton
Alex McCarthy,eng ENG,31-254,90,6,3,3,50.0,3.7,5,19,26.3,19,5,52.6,47.1,10,90.0,68.5,13,2,15.4,0,9.5,0,2021-08-14,Everton,Southampton
Tim Krul,nl NED,33-133,90,6,3,3,50.0,1.6,7,21,33.3,36,4,50.0,37.1,8,37.5,32.5,11,0,0.0,1,11.4,1,2021-08-14,Norwich City,Liverpool
Alisson,br BRA,28-316,90,4,0,4,100.0,1.0,6,9,66.7,22,4,22.7,32.6,8,50.0,45.8,12,0,0.0,2,24.3,0,2021-08-14,Norwich City,Liverpool
Freddie Woodman,eng ENG,24-164,90,7,4,3,42.9,3.1,4,9,44.4,17,4,23.5,27.9,10,50.0,43.5,5,0,0.0,0,9.7,1,2021-08-15,Newcastle Utd,West Ham
Łukasz Fabiański,pl POL,36-119,90,3,2,1,33.3,1.5,8,20,40.0,20,2,65.0,46.7,11,63.6,49.8,17,1,5.9,0,9.0,0,2021-08-15,Newcastle Utd,West Ham
Hugo Lloris,fr FRA,34-232,90,4,0,4,100.0,0.3,13,23,56.5,17,1,88.2,51.9,10,80.0,54.7,11,0,0.0,0,14.5,1,2021-08-15,Tottenham,Manchester City
Ederson,br BRA,27-363,90,2,1,1,50.0,0.6,4,6,66.7,16,6,31.3,34.9,6,16.7,35.2,3,0,0.0,2,21.4,0,2021-08-15,Tottenham,Manchester City
Alisson,br BRA,28-323,90,3,0,3,100.0,0.7,6,13,46.2,40,5,25.0,31.9,6,50.0,41.5,10,1,10.0,1,16.5,1,2021-08-21,Liverpool,Burnley
Nick Pope,eng ENG,29-124,90,8,2,6,75.0,2.0,11,34,32.4,24,1,87.5,63.7,13,100.0,74.0,8,2,25.0,2,17.6,0,2021-08-21,Liverpool,Burnley
Emiliano Martínez,ar ARG,28-353,90,1,0,1,100.0,0.0,5,12,41.7,13,0,30.8,40.7,10,80.0,53.0,14,1,7.1,2,26.5,1,2021-08-21,Aston Villa,Newcastle Utd
Freddie Woodman,eng ENG,24-170,90,1,2,0,0.0,1.4,0,15,0.0,19,3,42.1,35.1,11,63.6,51.7,7,0,0.0,0,17.4,0,2021-08-21,Aston Villa,Newcastle Utd
Ederson,br BRA,28-004,90,0,0,0,,0.0,3,3,100.0,10,3,30.0,27.6,2,0.0,29.5,4,0,0.0,2,17.6,1,2021-08-21,Manchester City,Norwich City
Tim Krul,nl NED,33-140,90,4,5,0,-25.0,3.2,7,20,35.0,49,7,38.8,36.1,9,11.1,24.9,10,3,30.0,0,10.2,0,2021-08-21,Manchester City,Norwich City
Illan Meslier,fr FRA,21-172,90,7,2,6,85.7,3.0,2,3,66.7,20,6,15.0,23.2,8,0.0,22.8,3,0,0.0,2,19.5,1,2021-08-21,Leeds United,Everton
Jordan Pickford,eng ENG,27-167,90,4,2,2,50.0,1.5,5,27,18.5,18,3,77.8,55.0,13,100.0,75.7,9,1,11.1,0,12.0,0,2021-08-21,Leeds United,Everton
Vicente Guaita,es ESP,34-223,90,3,0,3,100.0,0.8,9,22,40.9,27,5,55.6,45.1,11,63.6,39.5,6,0,0.0,0,12.0,1,2021-08-21,Crystal Palace,Brentford
David Raya,es ESP,25-340,90,2,0,2,100.0,0.2,4,22,18.2,39,6,43.6,37.8,6,83.3,62.0,7,1,14.3,1,15.1,0,2021-08-21,Crystal Palace,Brentford
Robert Sánchez,es ESP,23-276,90,1,0,1,100.0,0.0,4,13,30.8,31,4,29.0,32.7,8,50.0,43.0,9,3,33.3,1,15.0,1,2021-08-21,Brighton,Watford
Daniel Bachmann,at AUT,27-043,90,3,2,1,33.3,1.1,1,5,20.0,18,3,27.8,29.7,8,0.0,27.3,8,1,12.5,0,13.5,0,2021-08-21,Brighton,Watford
José Sá,pt POR,28-217,90,5,1,5,100.0,1.9,2,3,66.7,14,4,14.3,28.0,4,25.0,25.8,2,0,0.0,1,17.7,1,2021-08-22,Wolves,Tottenham
Hugo Lloris,fr FRA,34-239,90,6,0,6,100.0,1.1,8,18,44.4,13,7,46.2,39.7,16,75.0,56.0,18,0,0.0,0,13.5,0,2021-08-22,Wolves,Tottenham
Alex McCarthy,eng ENG,31-262,90,3,1,2,66.7,0.6,4,21,19.0,15,2,80.0,52.2,10,90.0,66.8,7,0,0.0,0,9.5,1,2021-08-22,Southampton,Manchester Utd
David de Gea,es ESP,30-288,90,3,1,3,66.7,0.2,0,1,0.0,13,3,7.7,24.8,5,0.0,14.4,3,0,0.0,0,4.5,0,2021-08-22,Southampton,Manchester Utd
Bernd Leno,de GER,29-171,90,5,2,2,60.0,1.3,0,7,0.0,15,5,33.3,33.3,7,28.6,30.7,8,2,25.0,1,16.4,1,2021-08-22,Arsenal,Chelsea
Edouard Mendy,sn SEN,29-174,90,3,0,3,100.0,0.0,2,7,28.6,39,3,17.9,25.7,4,0.0,10.0,4,0,0.0,1,16.3,0,2021-08-22,Arsenal,Chelsea
Łukasz Fabiański,pl POL,36-127,90,1,1,0,0.0,0.4,9,11,81.8,15,6,53.3,39.9,3,100.0,51.3,1,0,0.0,0,14.6,1,2021-08-23,West Ham,Leicester City
Kasper Schmeichel,dk DEN,34-291,90,7,4,3,42.9,3.4,5,11,45.5,25,1,36.0,37.2,11,18.2,28.3,15,1,6.7,1,14.7,0,2021-08-23,West Ham,Leicester City
Ederson,br BRA,28-011,90,0,0,0,,0.0,3,7,42.9,33,2,18.2,27.2,4,25.0,38.3,2,0,0.0,1,16.5,1,2021-08-28,Manchester City,Arsenal
Bernd Leno,de GER,29-177,90,10,5,5,50.0,4.9,8,23,34.8,20,3,65.0,48.3,11,90.9,61.9,16,0,0.0,0,12.8,0,2021-08-28,Manchester City,Arsenal
Tim Krul,nl NED,33-147,90,3,2,1,33.3,1.4,7,18,38.9,25,3,48.0,42.2,10,60.0,47.6,7,0,0.0,2,20.5,1,2021-08-28,Norwich City,Leicester City
Kasper Schmeichel,dk DEN,34-296,90,3,1,3,100.0,1.1,5,17,29.4,27,6,44.4,39.4,9,55.6,49.6,7,0,0.0,0,14.7,0,2021-08-28,Norwich City,Leicester City
Łukasz Fabiański,pl POL,36-132,90,2,2,0,0.0,1.1,2,9,22.2,10,1,50.0,46.6,6,66.7,43.8,6,1,16.7,0,13.0,1,2021-08-28,West Ham,Crystal Palace
Vicente Guaita,es ESP,34-230,90,4,2,2,50.0,0.9,7,12,58.3,30,8,26.7,26.7,9,44.4,36.0,14,0,0.0,1,12.2,0,2021-08-28,West Ham,Crystal Palace
Emiliano Martínez,ar ARG,28-360,90,2,1,1,50.0,1.1,8,19,42.1,28,4,53.6,43.2,7,57.1,47.4,7,1,14.3,1,13.9,1,2021-08-28,Aston Villa,Brentford
David Raya,es ESP,25-347,90,5,1,4,80.0,1.7,9,20,45.0,55,6,34.5,34.5,3,33.3,28.0,16,3,18.8,3,20.6,0,2021-08-28,Aston Villa,Brentford
Freddie Woodman,eng ENG,24-177,90,5,2,4,80.0,2.0,6,19,31.6,14,4,57.1,48.4,13,84.6,64.5,12,1,8.3,0,5.7,1,2021-08-28,Newcastle Utd,Southampton
Alex McCarthy,eng ENG,31-268,90,4,2,2,50.0,1.6,2,10,20.0,14,6,35.7,38.6,7,71.4,53.4,7,1,14.3,0,12.0,0,2021-08-28,Newcastle Utd,Southampton
Robert Sánchez,es ESP,23-283,90,4,2,3,75.0,2.0,0,9,0.0,36,7,19.4,30.9,6,33.3,43.0,5,1,20.0,0,14.0,1,2021-08-28,Brighton,Everton
Jordan Pickford,eng ENG,27-174,90,3,0,3,100.0,0.5,5,20,25.0,13,0,84.6,61.2,10,90.0,74.2,6,1,16.7,0,14.0,0,2021-08-28,Brighton,Everton
Alisson,br BRA,28-330,90,2,1,1,50.0,0.4,1,3,33.3,22,7,13.6,25.0,1,0.0,17.0,6,1,16.7,2,16.9,1,2021-08-28,Liverpool,Chelsea
Edouard Mendy,sn SEN,29-180,90,6,1,6,100.0,1.1,9,21,42.9,26,4,46.2,38.8,14,64.3,49.7,21,2,9.5,2,14.0,0,2021-08-28,Liverpool,Chelsea
Nick Pope,eng ENG,29-132,90,2,1,1,50.0,0.9,13,30,43.3,22,1,95.5,62.5,9,100.0,69.4,12,1,8.3,3,19.4,1,2021-08-29,Burnley,Leeds United
Illan Meslier,fr FRA,21-180,90,3,1,1,66.7,0.7,5,15,33.3,37,10,32.4,31.6,7,42.9,34.9,9,2,22.2,1,16.2,0,2021-08-29,Burnley,Leeds United
Hugo Lloris,fr FRA,34-246,90,1,0,1,100.0,0.0,3,8,37.5,12,2,58.3,42.1,4,25.0,29.0,7,0,0.0,1,10.7,1,2021-08-29,Tottenham,Watford
Daniel Bachmann,at AUT,27-051,90,8,1,7,87.5,1.2,5,14,35.7,29,10,34.5,37.6,9,44.4,36.3,11,0,0.0,0,11.7,0,2021-08-29,Tottenham,Watford
José Sá,pt POR,28-224,90,3,1,2,66.7,0.3,4,8,50.0,17,6,35.3,35.8,4,50.0,45.0,7,2,28.6,1,19.0,1,2021-08-29,Wolves,Manchester Utd
David de Gea,es ESP,30-295,90,5,0,5,100.0,1.1,4,7,57.1,12,3,33.3,35.3,8,37.5,35.6,11,1,9.1,1,28.0,0,2021-08-29,Wolves,Manchester Utd
Vicente Guaita,es ESP,34-244,90,1,0,1,100.0,0.0,4,4,100.0,10,3,20.0,28.1,4,50.0,27.5,2,1,50.0,0,14.0,1,2021-09-11,Crystal Palace,Tottenham
Hugo Lloris,fr FRA,34-259,90,3,3,1,33.3,2.6,8,24,33.3,19,1,78.9,55.5,13,69.2,47.7,15,0,0.0,0,7.2,0,2021-09-11,Crystal Palace,Tottenham
Daniel Bachmann,at AUT,27-064,90,5,2,4,60.0,1.7,6,8,75.0,24,9,25.0,31.0,10,20.0,28.0,6,0,0.0,1,13.0,1,2021-09-11,Watford,Wolves
José Sá,pt POR,28-237,90,2,0,2,100.0,0.4,3,5,60.0,10,4,50.0,40.9,6,0.0,21.7,6,1,16.7,1,12.7,0,2021-09-11,Watford,Wolves
David Raya,es ESP,25-361,90,2,1,1,50.0,0.6,13,20,65.0,32,4,46.9,39.8,6,83.3,56.8,5,1,20.0,4,19.3,1,2021-09-11,Brentford,Brighton
Robert Sánchez,es ESP,23-297,90,1,0,1,100.0,0.0,6,23,26.1,32,3,56.3,48.9,7,71.4,60.1,11,4,36.4,0,12.5,0,2021-09-11,Brentford,Brighton
Aaron Ramsdale,eng ENG,23-120,90,1,0,1,100.0,0.0,4,10,40.0,24,4,25.0,30.1,6,66.7,57.2,5,0,0.0,1,14.7,1,2021-09-11,Arsenal,Norwich City
Tim Krul,nl NED,33-161,90,6,1,4,83.3,1.6,13,28,46.4,35,2,54.3,40.9,15,60.0,47.8,9,0,0.0,0,12.2,0,2021-09-11,Arsenal,Norwich City
David de Gea,es ESP,30-308,90,4,1,3,75.0,1.5,2,2,100.0,6,1,16.7,28.3,7,14.3,24.9,3,0,0.0,0,10.0,1,2021-09-11,Manchester Utd,Newcastle Utd
Freddie Woodman,eng ENG,24-191,90,6,4,2,33.3,2.2,12,28,42.9,30,0,76.7,54.8,9,55.6,43.8,9,1,11.1,0,10.6,0,2021-09-11,Manchester Utd,Newcastle Utd
Kasper Schmeichel,dk DEN,34-310,90,8,1,7,87.5,1.3,11,23,47.8,42,9,45.2,37.3,10,40.0,38.4,12,0,0.0,0,5.7,1,2021-09-11,Leicester City,Manchester City
Ederson,br BRA,28-025,90,1,0,1,100.0,0.3,2,4,50.0,18,7,22.2,31.2,6,0.0,25.7,6,0,0.0,1,14.0,0,2021-09-11,Leicester City,Manchester City
Alex McCarthy,eng ENG,31-282,90,3,0,3,100.0,0.7,7,10,70.0,31,6,25.8,28.4,3,66.7,52.0,16,3,18.8,0,15.0,1,2021-09-11,Southampton,West Ham
Łukasz Fabiański,pl POL,36-146,90,2,0,2,100.0,0.4,5,8,62.5,18,4,33.3,32.7,7,28.6,44.1,6,0,0.0,1,12.5,0,2021-09-11,Southampton,West Ham
Edouard Mendy,sn SEN,29-194,90,6,0,6,100.0,0.8,4,9,44.4,27,7,22.2,26.0,9,33.3,30.7,14,1,7.1,0,13.3,1,2021-09-11,Chelsea,Aston Villa
Jed Steer,eng ENG,28-353,90,4,3,1,25.0,1.8,5,13,38.5,30,6,30.0,34.4,6,66.7,53.8,8,1,12.5,1,14.3,0,2021-09-11,Chelsea,Aston Villa
Illan Meslier,fr FRA,21-194,90,8,3,5,62.5,2.4,0,5,0.0,40,9,7.5,20.6,9,22.2,31.7,5,3,60.0,1,13.7,1,2021-09-12,Leeds United,Liverpool
Alisson,br BRA,28-345,90,4,0,4,100.0,1.5,6,9,66.7,36,2,16.7,30.4,5,60.0,47.8,11,1,9.1,0,15.0,0,2021-09-12,Leeds United,Liverpool
Jordan Pickford,eng ENG,27-190,90,5,1,4,80.0,0.7,7,19,36.8,23,7,65.2,49.0,7,57.1,55.4,11,1,9.1,0,10.6,1,2021-09-13,Everton,Burnley
Nick Pope,eng ENG,29-147,90,5,3,2,40.0,1.9,6,13,46.2,16,5,62.5,53.0,5,60.0,56.8,5,0,0.0,0,10.1,0,2021-09-13,Everton,Burnley
Karl Darlow,eng ENG,30-344,90,9,1,8,88.9,1.4,12,23,52.2,22,5,59.1,48.8,11,90.9,66.5,14,1,7.1,0,11.4,1,2021-09-17,Newcastle Utd,Leeds United
Illan Meslier,fr FRA,21-199,90,7,1,6,85.7,1.5,7,12,58.3,30,8,33.3,30.1,9,22.2,25.4,5,1,20.0,0,11.5,0,2021-09-17,Newcastle Utd,Leeds United
José Sá,pt POR,28-244,90,2,2,1,50.0,2.3,6,14,42.9,23,3,43.5,41.6,9,44.4,38.0,4,1,25.0,4,37.7,1,2021-09-18,Wolves,Brentford
David Raya,es ESP,26-003,90,0,0,0,,0.0,12,27,44.4,35,4,60.0,46.2,11,54.5,48.2,7,1,14.3,0,10.7,0,2021-09-18,Wolves,Brentford
Ederson,br BRA,28-032,90,2,0,2,100.0,0.1,4,4,100.0,34,8,8.8,21.6,5,20.0,25.0,5,0,0.0,1,18.2,1,2021-09-18,Manchester City,Southampton
Alex McCarthy,eng ENG,31-289,90,1,0,1,100.0,0.3,6,29,20.7,25,0,72.0,53.4,12,91.7,65.8,10,1,10.0,0,14.8,0,2021-09-18,Manchester City,Southampton
Alisson,br BRA,28-351,90,2,0,2,100.0,0.2,7,13,53.8,22,4,40.9,37.3,6,66.7,42.3,10,2,20.0,2,14.4,1,2021-09-18,Liverpool,Crystal Palace
Vicente Guaita,es ESP,34-251,90,10,3,7,70.0,2.4,5,12,41.7,17,3,47.1,39.1,8,50.0,39.0,17,1,5.9,0,12.0,0,2021-09-18,Liverpool,Crystal Palace
Tim Krul,nl NED,33-168,90,8,3,5,62.5,3.4,2,8,25.0,26,4,30.8,34.1,4,0.0,21.3,7,0,0.0,1,18.0,1,2021-09-18,Norwich City,Watford
Ben Foster,eng ENG,38-168,90,4,1,3,75.0,0.9,11,26,42.3,27,2,74.1,51.3,6,100.0,70.7,10,1,10.0,2,24.5,0,2021-09-18,Norwich City,Watford
Nick Pope,eng ENG,29-152,90,3,1,2,66.7,0.9,11,19,57.9,25,8,64.0,47.6,5,60.0,46.2,6,2,33.3,2,16.9,1,2021-09-18,Burnley,Arsenal
Aaron Ramsdale,eng ENG,23-127,90,3,0,3,100.0,0.6,8,20,40.0,40,10,30.0,32.6,9,88.9,71.0,24,2,8.3,1,13.8,0,2021-09-18,Burnley,Arsenal
Emiliano Martínez,ar ARG,29-016,90,1,0,1,100.0,0.0,8,16,50.0,29,6,37.9,35.4,12,41.7,37.1,7,2,28.6,3,21.0,1,2021-09-18,Aston Villa,Everton
Asmir Begović,ba BIH,34-090,90,3,3,1,0.0,0.9,5,16,31.3,11,2,72.7,50.5,12,66.7,49.6,5,1,20.0,0,15.0,0,2021-09-18,Aston Villa,Everton
Łukasz Fabiański,pl POL,36-154,90,10,2,7,80.0,2.7,4,13,30.8,15,4,60.0,47.7,10,40.0,35.2,14,1,7.1,0,5.0,1,2021-09-19,West Ham,Manchester Utd
David de Gea,es ESP,30-316,90,3,1,2,66.7,1.4,2,2,100.0,15,6,13.3,28.3,7,0.0,24.6,10,1,10.0,0,8.8,0,2021-09-19,West Ham,Manchester Utd
Robert Sánchez,es ESP,23-305,90,3,1,2,66.7,1.0,7,16,43.8,21,3,47.6,41.4,8,75.0,59.6,10,1,10.0,0,13.0,1,2021-09-19,Brighton,Leicester City
Kasper Schmeichel,dk DEN,34-318,90,3,2,2,66.7,1.1,2,8,25.0,16,2,50.0,37.3,6,0.0,16.5,8,0,0.0,1,15.5,0,2021-09-19,Brighton,Leicester City
Hugo Lloris,fr FRA,34-267,90,9,3,6,66.7,3.3,3,10,30.0,20,2,45.0,38.0,6,16.7,22.2,9,0,0.0,0,6.0,1,2021-09-19,Tottenham,Chelsea
Kepa Arrizabalaga,es ESP,26-351,90,2,0,2,100.0,0.3,6,8,75.0,26,6,30.8,30.0,4,0.0,9.3,8,1,12.5,1,18.8,0,2021-09-19,Tottenham,Chelsea
David de Gea,es ESP,30-322,90,3,1,2,66.7,0.6,3,5,60.0,18,2,27.8,33.9,5,0.0,24.0,15,1,6.7,0,13.5,1,2021-09-25,Manchester Utd,Aston Villa
Emiliano Martínez,ar ARG,29-023,90,4,0,4,100.0,0.6,9,33,27.3,28,1,85.7,57.3,13,69.2,50.9,9,0,0.0,1,15.2,0,2021-09-25,Manchester Utd,Aston Villa
Edouard Mendy,sn SEN,29-208,90,3,1,2,66.7,0.9,5,11,45.5,21,5,33.3,36.4,13,30.8,27.7,9,1,11.1,0,9.8,1,2021-09-25,Chelsea,Manchester City
Ederson,br BRA,28-039,90,0,0,0,,0.0,4,10,40.0,28,4,28.6,37.2,3,66.7,58.0,9,1,11.1,1,16.4,0,2021-09-25,Chelsea,Manchester City
Kasper Schmeichel,dk DEN,34-324,90,3,2,2,33.3,0.4,7,15,46.7,29,8,37.9,36.7,7,57.1,34.6,5,0,0.0,2,18.0,1,2021-09-25,Leicester City,Burnley
Nick Pope,eng ENG,29-159,90,3,2,1,33.3,0.9,7,26,26.9,16,1,81.3,59.1,13,100.0,71.6,11,1,9.1,0,13.0,0,2021-09-25,Leicester City,Burnley
Illan Meslier,fr FRA,21-207,90,6,2,5,66.7,2.3,3,12,25.0,36,7,27.8,29.5,10,20.0,27.3,7,0,0.0,0,8.5,1,2021-09-25,Leeds United,West Ham
Łukasz Fabiański,pl POL,36-160,90,5,1,4,80.0,1.4,5,12,41.7,23,7,30.4,34.5,6,83.3,55.8,7,0,0.0,0,12.7,0,2021-09-25,Leeds United,West Ham
Ben Foster,eng ENG,38-175,90,6,1,5,83.3,1.2,8,15,53.3,14,4,42.9,34.3,13,69.2,49.7,7,1,14.3,2,18.0,1,2021-09-25,Watford,Newcastle Utd
Karl Darlow,eng ENG,30-352,90,5,1,4,80.0,0.5,11,22,50.0,18,1,77.8,53.2,9,88.9,64.2,7,0,0.0,0,16.3,0,2021-09-25,Watford,Newcastle Utd
Jordan Pickford,eng ENG,27-202,90,2,0,2,100.0,0.1,9,21,42.9,22,3,54.5,46.2,11,81.8,62.5,7,0,0.0,1,15.3,1,2021-09-25,Everton,Norwich City
Tim Krul,nl NED,33-175,90,3,2,2,66.7,2.0,2,8,25.0,26,8,26.9,38.5,5,20.0,29.4,7,0,0.0,0,4.5,0,2021-09-25,Everton,Norwich City
David Raya,es ESP,26-010,90,4,3,1,25.0,2.4,10,34,29.4,33,5,72.7,56.2,10,100.0,65.9,11,1,9.1,2,14.1,1,2021-09-25,Brentford,Liverpool
Alisson,br BRA,28-358,90,3,3,0,0.0,1.4,10,14,71.4,23,6,39.1,37.4,7,71.4,49.7,10,1,10.0,2,16.9,0,2021-09-25,Brentford,Liverpool
Alex McCarthy,eng ENG,31-297,90,3,1,2,66.7,1.1,3,7,42.9,22,3,27.3,30.7,3,33.3,27.7,1,1,100.0,0,12.0,1,2021-09-26,Southampton,Wolves
José Sá,pt POR,28-252,90,6,0,6,100.0,0.4,12,24,50.0,30,7,63.3,52.7,6,83.3,60.3,12,1,8.3,0,12.5,0,2021-09-26,Southampton,Wolves
Aaron Ramsdale,eng ENG,23-135,90,4,1,2,75.0,1.1,9,23,39.1,25,2,56.0,45.3,10,90.0,57.3,9,1,11.1,0,13.5,1,2021-09-26,Arsenal,Tottenham
Hugo Lloris,fr FRA,34-274,90,7,3,4,57.1,2.6,9,15,60.0,21,2,57.1,38.7,7,42.9,34.7,3,0,0.0,0,16.5,0,2021-09-26,Arsenal,Tottenham
Vicente Guaita,es ESP,34-260,90,4,1,3,75.0,1.6,4,11,36.4,21,5,42.9,40.3,5,40.0,36.6,6,1,16.7,0,11.8,1,2021-09-27,Crystal Palace,Brighton
Robert Sánchez,es ESP,23-313,90,2,1,2,100.0,1.1,15,28,53.6,60,7,43.3,37.6,6,33.3,32.2,6,0,0.0,2,15.3,0,2021-09-27,Crystal Palace,Brighton
David de Gea,es ESP,30-329,90,2,1,1,50.0,0.8,2,3,66.7,12,2,8.3,28.3,7,28.6,33.9,8,0,0.0,0,14.8,1,2021-10-02,Manchester Utd,Everton
Jordan Pickford,eng ENG,27-209,90,6,1,5,83.3,0.5,6,23,26.1,20,3,80.0,56.1,8,87.5,71.5,11,0,0.0,0,6.5,0,2021-10-02,Manchester Utd,Everton
José Sá,pt POR,28-258,90,2,1,1,50.0,0.7,6,15,40.0,18,4,61.1,43.7,4,100.0,67.5,10,0,0.0,0,12.1,1,2021-10-02,Wolves,Newcastle Utd
Karl Darlow,eng ENG,30-359,90,3,2,1,33.3,1.4,4,12,33.3,21,4,47.6,39.3,4,50.0,39.5,1,0,0.0,0,17.7,0,2021-10-02,Wolves,Newcastle Utd
Nick Pope,eng ENG,29-166,90,2,0,2,100.0,0.7,4,12,33.3,25,12,32.0,37.6,5,80.0,56.0,11,1,9.1,3,18.9,1,2021-10-02,Burnley,Norwich City
Tim Krul,nl NED,33-182,90,4,0,4,100.0,1.1,10,29,34.5,36,5,55.6,42.5,12,75.0,61.8,25,1,4.0,1,16.0,0,2021-10-02,Burnley,Norwich City
Edouard Mendy,sn SEN,29-215,90,1,1,1,100.0,1.1,5,8,62.5,28,2,25.0,28.3,4,25.0,25.8,1,0,0.0,0,10.0,1,2021-10-02,Chelsea,Southampton
Alex McCarthy,eng ENG,31-303,90,9,3,6,66.7,2.9,8,25,32.0,25,1,68.0,48.3,9,88.9,66.9,7,1,14.3,0,5.0,0,2021-10-02,Chelsea,Southampton
Illan Meslier,fr FRA,21-214,90,1,0,1,100.0,0.2,3,5,60.0,29,4,17.2,25.6,6,0.0,17.7,5,0,0.0,2,19.0,1,2021-10-02,Leeds United,Watford
Ben Foster,eng ENG,38-182,90,3,1,2,66.7,0.9,9,20,45.0,25,6,44.0,42.8,12,75.0,52.3,13,2,15.4,0,16.9,0,2021-10-02,Leeds United,Watford
Robert Sánchez,es ESP,23-318,90,2,0,2,100.0,0.1,10,19,52.6,35,1,34.3,39.6,7,100.0,68.1,5,1,20.0,1,15.3,1,2021-10-02,Brighton,Arsenal
Aaron Ramsdale,eng ENG,23-141,90,2,0,2,100.0,0.1,4,22,18.2,22,10,40.9,35.1,15,86.7,63.8,8,0,0.0,0,19.8,0,2021-10-02,Brighton,Arsenal
Hugo Lloris,fr FRA,34-281,90,3,1,2,66.7,0.9,7,16,43.8,18,4,55.6,47.1,10,60.0,42.7,15,0,0.0,2,14.3,1,2021-10-03,Tottenham,Aston Villa
Emiliano Martínez,ar ARG,29-031,90,7,2,6,71.4,1.7,3,17,17.6,32,5,50.0,41.3,7,14.3,27.3,1,0,0.0,2,18.3,0,2021-10-03,Tottenham,Aston Villa
Vicente Guaita,es ESP,34-266,90,5,2,3,60.0,1.0,1,5,20.0,32,9,15.6,25.9,2,0.0,23.5,3,0,0.0,0,10.3,1,2021-10-03,Crystal Palace,Leicester City
Kasper Schmeichel,dk DEN,34-332,90,4,2,2,50.0,0.8,11,32,34.4,29,0,82.8,51.3,11,72.7,58.7,13,1,7.7,0,10.0,0,2021-10-03,Crystal Palace,Leicester City
Łukasz Fabiański,pl POL,36-168,90,6,2,4,66.7,1.4,6,17,35.3,16,4,68.8,50.6,6,100.0,72.7,5,1,20.0,0,20.0,1,2021-10-03,West Ham,Brentford
David Raya,es ESP,26-018,90,5,1,4,80.0,1.0,5,26,19.2,24,5,62.5,48.4,15,73.3,52.9,10,1,10.0,0,15.8,0,2021-10-03,West Ham,Brentford
Alisson,br BRA,29-001,90,3,2,1,33.3,1.2,7,12,58.3,44,5,18.2,25.9,10,40.0,38.0,6,0,0.0,0,14.0,1,2021-10-03,Liverpool,Manchester City
Ederson,br BRA,28-047,90,3,2,1,33.3,1.3,5,12,41.7,34,12,35.3,34.1,2,0.0,17.5,7,1,14.3,2,14.6,0,2021-10-03,Liverpool,Manchester City
Ben Foster,eng ENG,38-196,90,8,5,3,37.5,5.0,6,22,27.3,21,3,76.2,55.2,6,100.0,69.7,9,0,0.0,0,15.6,1,2021-10-16,Watford,Liverpool
Caoimhín Kelleher,ie IRL,22-327,90,2,0,1,100.0,0.3,5,7,71.4,38,3,15.8,24.9,5,20.0,20.6,3,0,0.0,1,14.6,0,2021-10-16,Watford,Liverpool
Kasper Schmeichel,dk DEN,34-345,90,6,2,4,66.7,0.7,10,23,43.5,38,5,50.0,38.3,11,36.4,37.5,9,2,22.2,1,11.8,1,2021-10-16,Leicester City,Manchester Utd
David de Gea,es ESP,30-343,90,11,4,6,63.6,4.5,5,15,33.3,20,6,40.0,34.1,12,58.3,45.9,3,0,0.0,0,17.3,0,2021-10-16,Leicester City,Manchester Utd
Zack Steffen,us USA,26-197,90,2,0,2,100.0,0.3,4,9,44.4,31,6,22.6,26.0,7,28.6,25.3,7,0,0.0,2,17.5,1,2021-10-16,Manchester City,Burnley
Nick Pope,eng ENG,29-180,90,6,2,4,66.7,2.1,9,30,30.0,26,2,88.5,60.7,8,87.5,65.8,12,1,8.3,1,14.7,0,2021-10-16,Manchester City,Burnley
Alex McCarthy,eng ENG,31-317,90,0,0,0,,0.0,4,9,44.4,23,4,21.7,28.9,4,100.0,70.8,5,1,20.0,1,22.4,1,2021-10-16,Southampton,Leeds United
Illan Meslier,fr FRA,21-228,90,4,1,3,75.0,1.1,6,18,33.3,37,3,37.8,34.3,15,26.7,29.6,8,0,0.0,2,21.0,0,2021-10-16,Southampton,Leeds United
Emiliano Martínez,ar ARG,29-044,90,4,3,1,25.0,2.7,4,12,33.3,26,2,34.6,32.5,7,42.9,35.7,5,0,0.0,0,19.0,1,2021-10-16,Aston Villa,Wolves
José Sá,pt POR,28-272,90,5,2,3,60.0,1.7,2,14,14.3,21,9,33.3,37.1,13,53.8,45.5,12,1,8.3,1,15.3,0,2021-10-16,Aston Villa,Wolves
Tim Krul,nl NED,33-196,90,3,0,2,100.0,0.2,9,19,47.4,21,5,57.1,47.0,9,77.8,51.0,11,1,9.1,0,11.1,1,2021-10-16,Norwich City,Brighton
Robert Sánchez,es ESP,23-332,90,2,0,2,100.0,0.0,5,12,41.7,32,6,15.6,29.1,7,100.0,69.7,8,0,0.0,3,22.5,0,2021-10-16,Norwich City,Brighton
David Raya,es ESP,26-031,90,1,1,0,0.0,0.5,12,22,54.5,47,8,44.7,40.8,4,25.0,20.3,5,1,20.0,1,15.0,1,2021-10-16,Brentford,Chelsea
Edouard Mendy,sn SEN,29-229,90,5,0,4,100.0,1.7,2,12,16.7,24,4,45.8,38.0,1,100.0,67.0,18,0,0.0,0,10.8,0,2021-10-16,Brentford,Chelsea
Jordan Pickford,eng ENG,27-224,90,4,1,3,75.0,1.7,8,20,40.0,24,6,50.0,46.1,11,72.7,61.9,13,3,23.1,2,15.7,1,2021-10-17,Everton,West Ham
Łukasz Fabiański,pl POL,36-182,90,2,0,2,100.0,0.1,6,13,46.2,15,4,20.0,35.4,13,76.9,62.5,16,0,0.0,0,4.0,0,2021-10-17,Everton,West Ham
Karl Darlow,eng ENG,31-009,90,4,3,1,25.0,2.0,9,19,47.4,27,5,70.4,50.4,5,0.0,11.8,7,2,28.6,1,16.2,1,2021-10-17,Newcastle Utd,Tottenham
Hugo Lloris,fr FRA,34-295,90,1,2,0,-100.0,0.7,4,8,50.0,18,7,11.1,23.8,11,54.5,39.0,7,2,28.6,0,16.8,0,2021-10-17,Newcastle Utd,Tottenham
Aaron Ramsdale,eng ENG,23-157,90,6,2,4,66.7,1.6,8,14,57.1,24,5,54.2,42.1,3,33.3,36.0,4,1,25.0,1,16.8,1,2021-10-18,Arsenal,Crystal Palace
Vicente Guaita,es ESP,34-281,90,6,2,4,66.7,2.1,9,12,75.0,32,6,28.1,29.4,5,60.0,43.8,8,0,0.0,2,17.0,0,2021-10-18,Arsenal,Crystal Palace
Aaron Ramsdale,eng ENG,23-161,90,4,1,3,75.0,1.3,8,14,57.1,23,5,43.5,35.0,4,100.0,69.8,6,2,33.3,1,14.1,1,2021-10-22,Arsenal,Aston Villa
Emiliano Martínez,ar ARG,29-050,90,8,3,5,62.5,2.6,7,13,53.8,33,4,36.4,34.7,7,14.3,24.1,3,0,0.0,1,14.0,0,2021-10-22,Arsenal,Aston Villa
Edouard Mendy,sn SEN,29-236,90,1,0,1,100.0,0.1,2,4,50.0,19,2,15.8,25.1,6,16.7,16.5,2,1,50.0,0,15.0,1,2021-10-23,Chelsea,Norwich City
Tim Krul,nl NED,33-203,90,12,7,7,50.0,5.6,13,23,56.5,41,13,41.5,38.1,10,60.0,48.4,4,0,0.0,0,12.0,0,2021-10-23,Chelsea,Norwich City
Illan Meslier,fr FRA,21-235,90,4,1,3,75.0,0.9,2,5,40.0,22,5,22.7,27.3,4,0.0,18.0,2,0,0.0,4,26.8,1,2021-10-23,Leeds United,Wolves
José Sá,pt POR,28-279,90,3,1,3,100.0,1.0,5,18,27.8,18,8,50.0,48.6,13,69.2,50.9,10,0,0.0,1,12.3,0,2021-10-23,Leeds United,Wolves
Vicente Guaita,es ESP,34-286,90,1,1,0,0.0,0.4,1,3,33.3,14,5,14.3,24.4,3,33.3,28.3,2,0,0.0,1,16.0,1,2021-10-23,Crystal Palace,Newcastle Utd
Karl Darlow,eng ENG,31-015,90,4,1,3,75.0,1.2,14,31,45.2,20,1,100.0,63.7,12,91.7,68.2,15,1,6.7,1,16.6,0,2021-10-23,Crystal Palace,Newcastle Utd
Jordan Pickford,eng ENG,27-230,90,8,5,3,37.5,4.5,4,20,20.0,28,4,60.7,48.5,8,37.5,44.0,15,0,0.0,0,18.0,1,2021-10-23,Everton,Watford
Ben Foster,eng ENG,38-203,90,4,2,2,50.0,1.6,8,21,38.1,23,3,52.2,47.3,11,81.8,67.2,12,0,0.0,0,12.0,0,2021-10-23,Everton,Watford
Alex McCarthy,eng ENG,31-324,90,4,2,2,50.0,1.7,3,10,30.0,32,7,28.1,36.0,4,25.0,22.5,13,3,23.1,0,8.1,1,2021-10-23,Southampton,Burnley
Nick Pope,eng ENG,29-187,90,4,2,2,50.0,1.0,14,28,50.0,20,2,85.0,57.9,11,100.0,71.5,14,1,7.1,1,13.3,0,2021-10-23,Southampton,Burnley
Robert Sánchez,es ESP,23-339,90,13,4,9,69.2,4.0,8,18,44.4,72,10,23.6,30.2,3,33.3,34.0,3,1,33.3,2,19.1,1,2021-10-23,Brighton,Manchester City
Ederson,br BRA,28-067,90,4,1,4,100.0,1.1,6,12,50.0,29,6,27.6,32.2,8,50.0,41.8,9,2,22.2,2,18.6,0,2021-10-23,Brighton,Manchester City
Łukasz Fabiański,pl POL,36-189,90,4,0,4,100.0,0.2,8,15,53.3,28,12,46.4,37.9,3,66.7,46.3,8,2,25.0,0,11.1,1,2021-10-24,West Ham,Tottenham
Hugo Lloris,fr FRA,34-302,90,4,1,3,75.0,1.5,5,13,38.5,15,3,46.7,38.3,7,85.7,52.1,10,1,10.0,0,18.2,0,2021-10-24,West Ham,Tottenham
David Raya,es ESP,26-039,90,6,2,4,66.7,1.4,8,13,61.5,36,2,36.1,34.6,6,0.0,17.5,3,0,0.0,2,22.5,1,2021-10-24,Brentford,Leicester City
Kasper Schmeichel,dk DEN,34-353,90,5,1,4,80.0,1.1,6,26,23.1,31,4,64.5,48.5,12,50.0,45.3,12,1,8.3,0,10.8,0,2021-10-24,Brentford,Leicester City
David de Gea,es ESP,30-351,90,8,5,3,37.5,4.5,3,6,50.0,13,3,23.1,31.8,8,37.5,34.0,4,1,25.0,1,12.0,1,2021-10-24,Manchester Utd,Liverpool
Alisson,br BRA,29-022,90,3,0,3,100.0,0.4,6,11,54.5,23,3,34.8,35.7,7,42.9,38.3,9,1,11.1,2,16.8,0,2021-10-24,Manchester Utd,Liverpool
Kasper Schmeichel,dk DEN,34-359,90,5,2,3,60.0,1.9,4,10,40.0,36,6,25.0,33.8,6,16.7,30.3,5,1,20.0,0,15.0,1,2021-10-30,Leicester City,Arsenal
Aaron Ramsdale,eng ENG,23-169,90,8,0,6,100.0,1.5,7,30,23.3,39,6,64.1,48.3,7,71.4,54.6,9,0,0.0,1,14.7,0,2021-10-30,Leicester City,Arsenal
Karl Darlow,eng ENG,31-022,90,5,3,3,60.0,2.1,13,38,34.2,36,3,77.8,57.5,11,90.9,69.8,9,0,0.0,2,15.0,1,2021-10-30,Newcastle Utd,Chelsea
Edouard Mendy,sn SEN,29-243,90,1,0,1,100.0,0.0,0,0,,11,2,0.0,21.3,2,0.0,12.0,6,0,0.0,0,6.0,0,2021-10-30,Newcastle Utd,Chelsea
Alisson,br BRA,29-028,90,6,2,3,66.7,1.4,5,9,55.6,35,12,22.9,28.9,3,33.3,35.7,3,1,33.3,1,15.2,1,2021-10-30,Liverpool,Brighton
Robert Sánchez,es ESP,23-346,90,3,2,1,33.3,1.1,8,24,33.3,38,2,44.7,44.3,7,100.0,76.9,6,1,16.7,3,15.6,0,2021-10-30,Liverpool,Brighton
Nick Pope,eng ENG,29-194,90,4,1,3,75.0,1.1,9,23,39.1,28,4,71.4,52.3,3,100.0,72.7,13,4,30.8,2,21.4,1,2021-10-30,Burnley,Brentford
Álvaro Fernández,es ESP,23-200,90,5,3,2,40.0,3.4,3,15,20.0,38,8,31.6,31.4,8,37.5,33.9,8,0,0.0,2,13.8,0,2021-10-30,Burnley,Brentford
Ben Foster,eng ENG,38-210,90,1,1,0,0.0,0.6,17,31,54.8,30,2,73.3,55.5,9,100.0,78.0,11,0,0.0,3,22.4,1,2021-10-30,Watford,Southampton
Alex McCarthy,eng ENG,31-331,90,4,0,3,100.0,0.7,6,14,42.9,28,10,35.7,35.4,10,40.0,35.1,16,2,12.5,1,13.6,0,2021-10-30,Watford,Southampton
Ederson,br BRA,28-074,90,3,2,1,33.3,1.3,5,8,62.5,26,2,23.1,28.5,4,50.0,35.8,2,0,0.0,1,18.0,1,2021-10-30,Manchester City,Crystal Palace
Vicente Guaita,es ESP,34-293,90,3,0,3,100.0,0.3,12,33,36.4,36,7,55.6,42.1,14,92.9,63.6,12,1,8.3,0,12.3,0,2021-10-30,Manchester City,Crystal Palace
Hugo Lloris,fr FRA,34-308,90,4,3,1,25.0,2.1,1,5,20.0,19,2,26.3,27.2,4,0.0,26.8,4,0,0.0,1,21.7,1,2021-10-30,Tottenham,Manchester Utd
David de Gea,es ESP,30-357,90,0,0,0,,0.0,4,11,36.4,20,2,35.0,34.0,6,66.7,49.0,8,0,0.0,0,16.0,0,2021-10-30,Tottenham,Manchester Utd
Tim Krul,nl NED,33-211,90,5,2,3,60.0,0.4,7,25,28.0,44,6,52.3,45.1,3,66.7,49.3,3,0,0.0,0,12.9,1,2021-10-31,Norwich City,Leeds United
Illan Meslier,fr FRA,21-243,90,3,1,2,66.7,1.1,6,18,33.3,27,11,44.4,39.3,9,66.7,50.6,8,1,12.5,1,12.7,0,2021-10-31,Norwich City,Leeds United
Emiliano Martínez,ar ARG,29-059,90,8,4,4,50.0,2.5,10,17,58.8,25,3,56.0,45.1,7,42.9,45.3,6,0,0.0,1,14.8,1,2021-10-31,Aston Villa,West Ham
Łukasz Fabiański,pl POL,36-196,90,3,1,1,66.7,0.9,6,12,50.0,18,4,33.3,36.9,7,85.7,54.4,10,0,0.0,0,11.3,0,2021-10-31,Aston Villa,West Ham
José Sá,pt POR,28-288,90,5,1,4,80.0,1.4,3,14,21.4,30,9,40.0,41.2,5,40.0,37.8,7,1,14.3,0,11.8,1,2021-11-01,Wolves,Everton
Jordan Pickford,eng ENG,27-239,90,4,2,2,50.0,1.6,1,16,6.3,20,0,65.0,51.5,3,100.0,72.0,2,0,0.0,1,13.3,0,2021-11-01,Wolves,Everton
Alex McCarthy,eng ENG,31-337,90,3,0,3,100.0,0.1,7,25,28.0,34,1,55.9,39.4,9,66.7,52.0,13,0,0.0,0,12.3,1,2021-11-05,Southampton,Aston Villa
Emiliano Martínez,ar ARG,29-064,90,3,1,2,66.7,0.6,8,10,80.0,14,3,50.0,43.1,5,60.0,40.0,15,1,6.7,0,4.0,0,2021-11-05,Southampton,Aston Villa
David de Gea,es ESP,30-364,90,5,2,4,60.0,2.2,3,14,21.4,9,2,55.6,42.6,11,81.8,54.0,8,0,0.0,0,13.0,1,2021-11-06,Manchester Utd,Manchester City
Ederson,br BRA,28-081,90,1,0,1,100.0,0.0,2,3,66.7,20,0,15.0,24.7,4,0.0,23.0,4,0,0.0,0,,0,2021-11-06,Manchester Utd,Manchester City
Álvaro Fernández,es ESP,23-207,90,4,2,3,75.0,1.6,10,17,58.8,37,3,43.2,36.1,3,33.3,30.3,6,0,0.0,1,15.5,1,2021-11-06,Brentford,Norwich City
Tim Krul,nl NED,33-217,90,7,1,6,85.7,3.1,7,25,28.0,24,5,66.7,50.2,9,100.0,67.1,13,1,7.7,0,10.5,0,2021-11-06,Brentford,Norwich City
Edouard Mendy,sn SEN,29-250,90,2,1,1,50.0,1.2,2,4,50.0,22,2,18.2,26.2,6,0.0,15.8,5,1,20.0,1,33.0,1,2021-11-06,Chelsea,Burnley
Nick Pope,eng ENG,29-201,90,4,1,3,75.0,1.1,12,32,37.5,18,0,100.0,67.5,14,100.0,68.4,11,1,9.1,2,16.8,0,2021-11-06,Chelsea,Burnley
Vicente Guaita,es ESP,34-300,90,2,0,2,100.0,0.1,0,4,0.0,23,2,13.0,23.9,2,50.0,35.0,2,0,0.0,1,16.0,1,2021-11-06,Crystal Palace,Wolves
José Sá,pt POR,28-293,90,6,2,4,66.7,1.9,4,14,28.6,19,7,42.1,39.5,7,85.7,68.7,7,0,0.0,0,13.2,0,2021-11-06,Crystal Palace,Wolves
Robert Sánchez,es ESP,23-353,89,2,1,1,50.0,0.8,2,11,18.2,41,5,26.8,31.6,2,0.0,9.5,8,0,0.0,1,14.0,1,2021-11-06,Brighton,Newcastle Utd
Karl Darlow,eng ENG,31-029,90,4,1,4,100.0,1.1,4,10,40.0,26,9,26.9,34.0,6,50.0,49.2,7,3,42.9,0,15.5,0,2021-11-06,Brighton,Newcastle Utd
Jordan Pickford,eng ENG,27-245,90,0,0,0,,0.0,4,12,33.3,23,5,43.5,41.4,3,66.7,56.3,8,1,12.5,1,15.0,1,2021-11-07,Everton,Tottenham
Hugo Lloris,fr FRA,34-316,90,2,0,2,100.0,0.1,4,6,66.7,21,6,19.0,26.9,9,22.2,28.9,5,0,0.0,1,14.8,0,2021-11-07,Everton,Tottenham
Illan Meslier,fr FRA,21-250,90,3,1,2,66.7,1.8,6,11,54.5,24,7,29.2,29.0,10,40.0,38.2,1,0,0.0,0,15.0,1,2021-11-07,Leeds United,Leicester City
Kasper Schmeichel,dk DEN,35-002,90,5,1,4,80.0,1.1,6,18,33.3,30,6,30.0,36.2,14,64.3,44.0,9,1,11.1,0,11.3,0,2021-11-07,Leeds United,Leicester City
Aaron Ramsdale,eng ENG,23-177,90,1,0,1,100.0,0.0,8,13,61.5,31,4,38.7,35.4,5,20.0,28.4,10,2,20.0,0,15.4,1,2021-11-07,Arsenal,Watford
Ben Foster,eng ENG,38-218,90,5,1,4,80.0,1.7,8,27,29.6,35,2,62.9,52.7,5,100.0,70.6,8,0,0.0,1,13.7,0,2021-11-07,Arsenal,Watford
Łukasz Fabiański,pl POL,36-203,90,5,2,3,60.0,1.6,8,22,36.4,17,3,70.6,47.8,10,100.0,64.2,14,0,0.0,0,11.2,1,2021-11-07,West Ham,Liverpool
Alisson,br BRA,29-036,90,3,3,1,0.0,0.6,1,2,50.0,23,5,8.7,25.9,3,0.0,21.3,8,1,12.5,1,16.8,0,2021-11-07,West Ham,Liverpool
Kasper Schmeichel,dk DEN,35-015,90,7,3,4,57.1,2.9,9,20,45.0,33,7,42.4,42.5,7,85.7,50.3,4,0,0.0,1,14.1,1,2021-11-20,Leicester City,Chelsea
Edouard Mendy,sn SEN,29-264,90,3,0,3,100.0,0.2,7,11,63.6,28,4,32.1,30.9,4,50.0,38.0,3,0,0.0,0,12.0,0,2021-11-20,Leicester City,Chelsea
José Sá,pt POR,28-307,90,2,0,2,100.0,0.3,5,11,45.5,20,7,30.0,38.3,7,71.4,52.6,10,2,20.0,0,15.6,1,2021-11-20,Wolves,West Ham
Łukasz Fabiański,pl POL,36-216,90,5,1,4,80.0,1.4,3,8,37.5,16,5,12.5,24.8,11,54.5,56.5,9,0,0.0,0,10.0,0,2021-11-20,Wolves,West Ham
Ben Foster,eng ENG,38-231,90,3,1,2,66.7,1.3,12,35,34.3,32,0,90.6,61.5,6,100.0,70.7,3,0,0.0,0,14.3,1,2021-11-20,Watford,Manchester Utd
David de Gea,es ESP,31-013,90,7,4,3,42.9,3.5,2,11,18.2,16,2,31.3,33.7,11,54.5,48.0,8,0,0.0,0,12.5,0,2021-11-20,Watford,Manchester Utd
Tim Krul,nl NED,33-231,90,5,1,4,80.0,1.0,9,28,32.1,27,1,74.1,51.3,10,80.0,59.7,11,0,0.0,0,12.0,1,2021-11-20,Norwich City,Southampton
Alex McCarthy,eng ENG,31-352,90,4,2,2,50.0,1.1,1,6,16.7,20,7,15.0,26.3,4,75.0,46.8,7,1,14.3,0,14.3,0,2021-11-20,Norwich City,Southampton
Emiliano Martínez,ar ARG,29-079,90,2,0,2,100.0,0.2,1,9,11.1,16,1,43.8,38.6,5,40.0,37.6,9,0,0.0,0,11.0,1,2021-11-20,Aston Villa,Brighton
Jason Steele,eng ENG,31-094,90,5,2,3,60.0,1.2,3,7,42.9,32,2,12.5,26.2,6,50.0,43.8,11,1,9.1,0,13.0,0,2021-11-20,Aston Villa,Brighton
Karl Darlow,eng ENG,31-043,90,3,3,1,0.0,0.9,8,17,47.1,19,1,57.9,50.7,6,100.0,70.0,9,1,11.1,0,10.5,1,2021-11-20,Newcastle Utd,Brentford
Álvaro Fernández,es ESP,23-221,90,7,3,4,57.1,2.3,13,30,43.3,36,6,72.2,49.1,8,50.0,36.5,13,1,7.7,2,17.2,0,2021-11-20,Newcastle Utd,Brentford
Nick Pope,eng ENG,29-215,90,8,3,4,62.5,2.5,7,15,46.7,14,2,78.6,50.1,5,80.0,51.8,9,0,0.0,1,19.5,1,2021-11-20,Burnley,Crystal Palace
Vicente Guaita,es ESP,34-314,90,9,3,6,66.7,2.4,6,13,46.2,29,8,37.9,34.7,8,25.0,22.4,11,1,9.1,1,19.2,0,2021-11-20,Burnley,Crystal Palace
Alisson,br BRA,29-049,90,3,0,3,100.0,0.8,3,6,50.0,68,2,7.4,22.8,3,33.3,35.0,5,0,0.0,2,27.3,1,2021-11-20,Liverpool,Arsenal
Aaron Ramsdale,eng ENG,23-190,90,9,4,5,55.6,4.4,5,14,35.7,28,3,35.7,32.6,7,57.1,50.4,8,0,0.0,0,10.2,0,2021-11-20,Liverpool,Arsenal
Ederson,br BRA,28-096,90,1,0,1,100.0,0.0,1,1,100.0,22,7,4.5,21.0,0,,,5,1,20.0,1,24.3,1,2021-11-21,Manchester City,Everton
Jordan Pickford,eng ENG,27-259,90,7,3,4,57.1,2.3,4,29,13.8,24,2,70.8,50.7,13,92.3,64.7,10,0,0.0,1,15.7,0,2021-11-21,Manchester City,Everton
Hugo Lloris,fr FRA,34-330,90,7,1,6,85.7,1.0,4,8,50.0,18,4,33.3,32.4,7,28.6,19.7,6,0,0.0,0,12.8,1,2021-11-21,Tottenham,Leeds United
Illan Meslier,fr FRA,21-264,90,4,2,1,50.0,1.8,4,18,22.2,38,5,42.1,35.8,3,66.7,45.3,6,1,16.7,1,16.8,0,2021-11-21,Tottenham,Leeds United
Aaron Ramsdale,eng ENG,23-197,90,5,0,4,100.0,0.1,3,6,50.0,18,4,33.3,31.9,1,0.0,10.0,9,1,11.1,0,13.0,1,2021-11-27,Arsenal,Newcastle Utd
Martin Dúbravka,sk SVK,32-316,90,6,2,4,66.7,2.5,6,19,31.6,31,9,35.5,36.3,12,66.7,50.2,10,1,10.0,0,9.8,0,2021-11-27,Arsenal,Newcastle Utd
Vicente Guaita,es ESP,34-321,90,3,2,1,33.3,0.7,4,5,80.0,13,2,23.1,29.4,5,40.0,39.0,4,0,0.0,1,20.7,1,2021-11-27,Crystal Palace,Aston Villa
Emiliano Martínez,ar ARG,29-086,90,3,1,2,66.7,0.8,5,14,35.7,19,4,57.9,44.8,6,50.0,46.3,12,0,0.0,0,10.9,0,2021-11-27,Crystal Palace,Aston Villa
Alisson,br BRA,29-056,90,3,0,3,100.0,1.4,4,7,57.1,44,10,15.9,27.8,3,0.0,14.0,7,0,0.0,2,14.6,1,2021-11-27,Liverpool,Southampton
Alex McCarthy,eng ENG,31-359,90,6,4,2,33.3,2.4,9,29,31.0,23,1,69.6,52.4,13,100.0,72.7,7,0,0.0,0,10.4,0,2021-11-27,Liverpool,Southampton
Tim Krul,nl NED,33-238,90,2,0,2,100.0,0.0,5,8,62.5,20,4,25.0,31.1,7,42.9,39.9,6,0,0.0,0,14.0,1,2021-11-27,Norwich City,Wolves
José Sá,pt POR,28-314,90,4,0,4,100.0,1.2,3,11,27.3,23,7,34.8,34.0,8,37.5,36.0,12,1,8.3,2,13.4,0,2021-11-27,Norwich City,Wolves
Robert Sánchez,es ESP,24-009,90,4,0,4,100.0,1.2,1,10,10.0,31,2,25.8,36.3,9,22.2,26.9,8,1,12.5,0,9.5,1,2021-11-27,Brighton,Leeds United
Illan Meslier,fr FRA,21-270,90,4,0,3,100.0,1.1,3,28,10.7,31,4,54.8,43.6,12,91.7,65.0,12,0,0.0,0,10.8,0,2021-11-27,Brighton,Leeds United
Álvaro Fernández,es ESP,23-229,90,4,0,4,100.0,1.0,9,22,40.9,47,6,36.2,36.6,7,71.4,43.6,20,2,10.0,1,15.0,1,2021-11-28,Brentford,Everton
Jordan Pickford,eng ENG,27-266,90,3,1,3,100.0,1.1,8,14,57.1,21,2,61.9,46.0,2,50.0,40.5,9,3,33.3,2,27.8,0,2021-11-28,Brentford,Everton
Kasper Schmeichel,dk DEN,35-023,90,4,2,3,75.0,2.1,5,24,20.8,30,3,63.3,46.0,11,45.5,44.5,9,1,11.1,0,8.6,1,2021-11-28,Leicester City,Watford
Daniel Bachmann,at AUT,27-142,90,8,4,4,50.0,2.8,5,24,20.8,21,2,85.7,58.5,6,100.0,64.5,4,0,0.0,1,16.5,0,2021-11-28,Leicester City,Watford
Ederson,br BRA,28-103,90,4,1,3,75.0,0.3,4,7,57.1,38,6,15.8,26.6,2,50.0,45.5,9,1,11.1,0,10.0,1,2021-11-28,Manchester City,West Ham
Łukasz Fabiański,pl POL,36-224,90,8,2,6,75.0,3.6,9,23,39.1,22,0,86.4,52.4,9,44.4,34.6,7,0,0.0,0,6.0,0,2021-11-28,Manchester City,West Ham
Edouard Mendy,sn SEN,29-272,90,2,1,1,50.0,1.5,2,5,40.0,23,5,21.7,26.8,2,0.0,17.5,3,0,0.0,0,13.0,1,2021-11-28,Chelsea,Manchester Utd
David de Gea,es ESP,31-021,90,5,1,4,100.0,2.4,4,17,23.5,14,2,57.1,42.1,14,64.3,50.6,12,0,0.0,1,23.0,0,2021-11-28,Chelsea,Manchester Utd
Martin Dúbravka,sk SVK,32-319,90,6,1,5,83.3,1.9,8,25,32.0,25,4,52.0,45.7,13,92.3,64.2,11,0,0.0,0,7.4,1,2021-11-30,Newcastle Utd,Norwich City
Tim Krul,nl NED,33-241,90,0,1,0,,1.0,6,8,75.0,15,3,33.3,35.3,6,50.0,40.7,5,0,0.0,0,17.5,0,2021-11-30,Newcastle Utd,Norwich City
Illan Meslier,fr FRA,21-273,90,1,0,1,100.0,0.2,3,6,50.0,29,5,20.7,27.0,10,0.0,19.8,8,0,0.0,1,11.8,1,2021-11-30,Leeds United,Crystal Palace
Vicente Guaita,es ESP,34-324,90,2,1,2,100.0,0.9,6,17,35.3,28,5,42.9,32.3,9,55.6,39.6,6,0,0.0,1,16.8,0,2021-11-30,Leeds United,Crystal Palace
Alex McCarthy,eng ENG,31-363,90,6,2,4,66.7,2.5,6,21,28.6,18,2,83.3,51.1,7,85.7,59.7,6,1,16.7,1,21.5,1,2021-12-01,Southampton,Leicester City
Kasper Schmeichel,dk DEN,35-026,90,7,2,5,71.4,1.8,12,25,48.0,43,3,46.5,41.1,6,83.3,55.3,9,0,0.0,0,9.8,0,2021-12-01,Southampton,Leicester City
Łukasz Fabiański,pl POL,36-227,90,3,1,2,66.7,0.9,7,13,53.8,7,1,85.7,58.3,8,87.5,59.1,10,0,0.0,0,7.0,1,2021-12-01,West Ham,Brighton
Robert Sánchez,es ESP,24-013,90,5,1,4,80.0,1.7,3,7,42.9,41,9,12.2,26.8,7,28.6,28.0,11,0,0.0,1,14.2,0,2021-12-01,West Ham,Brighton
José Sá,pt POR,28-318,90,1,0,1,100.0,0.3,5,16,31.3,22,1,63.6,45.3,5,40.0,36.8,15,2,13.3,1,18.0,1,2021-12-01,Wolves,Burnley
Nick Pope,eng ENG,29-226,90,3,0,3,100.0,0.8,7,23,30.4,18,3,83.3,56.9,10,80.0,60.5,14,0,0.0,0,13.0,0,2021-12-01,Wolves,Burnley
Daniel Bachmann,at AUT,27-145,90,4,2,2,50.0,2.1,11,26,42.3,27,2,88.9,59.2,2,100.0,59.5,6,0,0.0,1,16.0,1,2021-12-01,Watford,Chelsea
Edouard Mendy,sn SEN,29-275,90,6,1,5,83.3,1.3,7,12,58.3,23,4,39.1,35.6,4,75.0,54.3,17,3,17.6,0,14.7,0,2021-12-01,Watford,Chelsea
Emiliano Martínez,ar ARG,29-090,90,7,2,5,71.4,0.9,7,14,50.0,26,6,34.6,30.5,8,62.5,44.6,9,0,0.0,0,8.4,1,2021-12-01,Aston Villa,Manchester City
Ederson,br BRA,28-106,90,3,1,2,66.7,0.6,6,9,66.7,16,0,43.8,40.1,4,50.0,37.0,10,0,0.0,1,16.0,0,2021-12-01,Aston Villa,Manchester City
Jordan Pickford,eng ENG,27-269,90,7,4,3,42.9,2.9,13,28,46.4,26,4,73.1,56.7,9,100.0,68.6,7,1,14.3,0,14.0,1,2021-12-01,Everton,Liverpool
Alisson,br BRA,29-060,90,1,1,0,0.0,0.0,1,5,20.0,35,5,11.4,25.7,6,16.7,30.5,6,1,16.7,0,15.3,0,2021-12-01,Everton,Liverpool
Hugo Lloris,fr FRA,34-341,90,2,0,2,100.0,0.3,4,11,36.4,20,4,45.0,38.4,5,40.0,39.0,15,2,13.3,1,13.7,1,2021-12-02,Tottenham,Brentford
Álvaro Fernández,es ESP,23-233,90,6,2,5,66.7,2.1,7,16,43.8,32,4,40.6,34.8,4,75.0,42.0,6,0,0.0,0,8.0,0,2021-12-02,Tottenham,Brentford
David de Gea,es ESP,31-025,90,7,2,5,71.4,2.8,4,10,40.0,14,2,42.9,40.8,7,57.1,45.1,8,0,0.0,0,14.0,1,2021-12-02,Manchester Utd,Arsenal
Aaron Ramsdale,eng ENG,23-202,90,9,3,7,77.8,2.3,5,17,29.4,33,7,39.4,33.9,4,100.0,62.5,8,0,0.0,1,12.5,0,2021-12-02,Manchester Utd,Arsenal
Łukasz Fabiański,pl POL,36-230,90,7,2,5,71.4,1.4,7,23,30.4,27,7,70.4,50.6,5,80.0,63.0,8,0,0.0,1,10.6,1,2021-12-04,West Ham,Chelsea
Edouard Mendy,sn SEN,29-278,90,3,3,1,33.3,1.3,4,10,40.0,22,5,27.3,30.9,8,50.0,37.0,7,1,14.3,0,6.4,0,2021-12-04,West Ham,Chelsea
Martin Dúbravka,sk SVK,32-323,90,1,0,1,100.0,0.1,13,27,48.1,21,0,66.7,48.3,13,100.0,66.6,6,0,0.0,1,15.5,1,2021-12-04,Newcastle Utd,Burnley
Nick Pope,eng ENG,29-229,90,4,1,3,75.0,0.8,13,26,50.0,22,1,90.9,59.0,6,100.0,67.0,7,0,0.0,4,24.1,0,2021-12-04,Newcastle Utd,Burnley
Alex McCarthy,eng ENG,32-001,90,4,1,3,75.0,1.2,1,6,16.7,12,6,41.7,41.8,4,25.0,23.5,7,0,0.0,0,6.5,1,2021-12-04,Southampton,Brighton
Robert Sánchez,es ESP,24-016,90,4,1,3,75.0,1.0,5,28,17.9,37,1,48.6,41.0,10,100.0,66.8,9,0,0.0,3,20.0,0,2021-12-04,Southampton,Brighton
José Sá,pt POR,28-321,90,4,1,3,75.0,2.6,4,21,19.0,26,5,61.5,50.7,8,62.5,52.6,15,1,6.7,2,14.7,1,2021-12-04,Wolves,Liverpool
Alisson,br BRA,29-063,90,1,0,1,100.0,0.5,2,5,40.0,22,7,18.2,26.9,2,50.0,36.0,4,1,25.0,3,19.8,0,2021-12-04,Wolves,Liverpool
Daniel Bachmann,at AUT,27-148,90,12,3,8,75.0,3.4,14,32,43.8,26,2,84.6,57.3,10,100.0,63.4,6,0,0.0,2,14.9,1,2021-12-04,Watford,Manchester City
Ederson,br BRA,28-109,90,4,1,3,75.0,0.6,4,7,57.1,29,6,20.7,25.3,6,16.7,24.5,6,1,16.7,2,25.7,0,2021-12-04,Watford,Manchester City
Illan Meslier,fr FRA,21-278,90,3,2,1,33.3,1.5,1,10,10.0,21,8,33.3,34.5,5,60.0,43.2,8,1,12.5,3,18.8,1,2021-12-05,Leeds United,Brentford
Álvaro Fernández,es ESP,23-236,90,6,2,4,66.7,2.1,6,16,37.5,29,2,44.8,36.8,5,60.0,43.2,20,1,5.0,1,13.7,0,2021-12-05,Leeds United,Brentford
Hugo Lloris,fr FRA,34-344,90,1,0,1,100.0,0.3,5,7,71.4,19,3,21.1,31.8,9,33.3,27.0,11,1,9.1,3,18.9,1,2021-12-05,Tottenham,Norwich City
Tim Krul,nl NED,33-246,90,7,3,4,57.1,1.9,2,9,22.2,32,5,18.8,33.3,8,37.5,39.5,3,1,33.3,1,15.4,0,2021-12-05,Tottenham,Norwich City
David de Gea,es ESP,31-028,90,2,0,2,100.0,0.8,5,6,83.3,15,4,33.3,33.2,4,25.0,36.3,5,1,20.0,0,9.0,1,2021-12-05,Manchester Utd,Crystal Palace
Vicente Guaita,es ESP,34-329,90,3,1,2,66.7,1.1,8,14,57.1,22,6,40.9,35.3,9,55.6,41.3,10,3,30.0,0,13.8,0,2021-12-05,Manchester Utd,Crystal Palace
Emiliano Martínez,ar ARG,29-094,90,4,1,3,75.0,1.9,5,20,25.0,25,5,60.0,46.6,9,55.6,45.2,5,0,0.0,0,11.3,1,2021-12-05,Aston Villa,Leicester City
Kasper Schmeichel,dk DEN,35-030,90,4,2,2,50.0,1.2,6,10,60.0,12,3,41.7,39.8,5,100.0,70.0,4,0,0.0,0,14.3,0,2021-12-05,Aston Villa,Leicester City
Jordan Pickford,eng ENG,27-274,90,3,1,2,66.7,0.6,11,24,45.8,30,3,60.0,50.4,7,85.7,69.1,10,0,0.0,0,16.8,1,2021-12-06,Everton,Arsenal
Aaron Ramsdale,eng ENG,23-206,90,4,2,2,50.0,0.4,6,14,42.9,34,8,32.4,35.9,7,42.9,41.6,7,2,28.6,0,14.3,0,2021-12-06,Everton,Arsenal
Álvaro Fernández,es ESP,23-241,90,2,1,1,50.0,0.8,1,16,6.3,32,5,46.9,37.6,4,25.0,24.5,7,1,14.3,0,16.7,1,2021-12-10,Brentford,Watford
Daniel Bachmann,at AUT,27-154,90,4,2,3,75.0,2.1,6,21,28.6,13,0,100.0,67.6,8,100.0,68.0,11,0,0.0,2,15.1,0,2021-12-10,Brentford,Watford
Ederson,br BRA,28-116,90,1,0,1,100.0,0.3,4,4,100.0,20,4,20.0,29.6,1,0.0,20.0,1,0,0.0,0,6.3,1,2021-12-11,Manchester City,Wolves
José Sá,pt POR,28-328,90,8,1,8,100.0,2.1,3,18,16.7,24,7,58.3,43.3,12,33.3,33.8,10,0,0.0,0,6.3,0,2021-12-11,Manchester City,Wolves
